"id","afschotjaar","gemeente_afschot_locatie","UTM5","aantal"
155520226,2018,"Huldenberg","FS12A",3
150710349,2018,"Huldenberg","FS12A",1
155462190,2018,"Huldenberg","FS12B",11
72708197,2012,"Huldenberg","FS12B",1
74540202,2013,"Huldenberg","FS12B",1
155673536,2018,"Huldenberg","FS12B",1
155673569,2018,"Huldenberg","FS12B",12
155825809,2018,"Huldenberg","FS12B",1
156592874,2018,"Huldenberg","FS12B",1
161359149,2018,"Huldenberg","FS12B",17
161540540,2018,"Huldenberg","FS12B",17
161980204,2018,"Huldenberg","FS12B",1
113993500,2015,"Huldenberg","FS13D",5
119394669,2016,"Huldenberg","FS13D",1
119613540,2016,"Huldenberg","FS13D",1
46592463,2010,"Tongeren","FS73C",1
113145833,2015,"Oud-Heverlee","FS12B",1
113994792,2016,"Oud-Heverlee","FS12B",1
120511633,2016,"Oud-Heverlee","FS12B",6
143731555,2017,"Oud-Heverlee","FS12B",1
149965354,2018,"Oud-Heverlee","FS12B",13
149965354,2018,"Oud-Heverlee","FS12B",2
154733094,2018,"Oud-Heverlee","FS12B",3
154733094,2018,"Oud-Heverlee","FS12B",9
157064745,2018,"Oud-Heverlee","FS12B",1
157617858,2018,"Oud-Heverlee","FS12B",1
158489128,2018,"Oud-Heverlee","FS12B",1
159806400,2018,"Oud-Heverlee","FS12B",1
160055268,2018,"Oud-Heverlee","FS12B",1
160366540,2018,"Oud-Heverlee","FS12B",1
160366298,2018,"Oud-Heverlee","FS12B",1
161290042,2018,"Oud-Heverlee","FS12B",1
161290065,2018,"Oud-Heverlee","FS12B",1
161290052,2018,"Oud-Heverlee","FS12B",9
161290072,2018,"Oud-Heverlee","FS12B",1
161290072,2018,"Oud-Heverlee","FS12B",1
161290086,2018,"Oud-Heverlee","FS12B",13
161290086,2018,"Oud-Heverlee","FS12B",2
161290102,2018,"Oud-Heverlee","FS12B",1
161290059,2018,"Oud-Heverlee","FS12B",1
161740126,2018,"Oud-Heverlee","FS12B",1
161740213,2018,"Oud-Heverlee","FS12B",1
161740136,2018,"Oud-Heverlee","FS12B",1
161740218,2018,"Oud-Heverlee","FS12B",1
161740222,2018,"Oud-Heverlee","FS12B",1
161740251,2018,"Oud-Heverlee","FS12B",1
161740261,2018,"Oud-Heverlee","FS12B",10
161740261,2018,"Oud-Heverlee","FS12B",1
162257855,2018,"Oud-Heverlee","FS12B",1
162590560,2018,"Oud-Heverlee","FS12B",1
162590560,2018,"Oud-Heverlee","FS12B",1
162590755,2018,"Oud-Heverlee","FS12B",2
162590755,2018,"Oud-Heverlee","FS12B",1
162590743,2018,"Oud-Heverlee","FS12B",1
162590743,2018,"Oud-Heverlee","FS12B",7
162749458,2018,"Oud-Heverlee","FS12B",1
162749466,2018,"Oud-Heverlee","FS12B",6
163086879,2018,"Oud-Heverlee","FS12B",1
163086884,2018,"Oud-Heverlee","FS12B",1
163136069,2018,"Oud-Heverlee","FS12B",13
163136423,2018,"Oud-Heverlee","FS12B",11
163136324,2018,"Oud-Heverlee","FS12B",1
163370036,2018,"Oud-Heverlee","FS12B",1
163370192,2018,"Oud-Heverlee","FS12B",1
163369923,2018,"Oud-Heverlee","FS12B",2
163369923,2018,"Oud-Heverlee","FS12B",16
163370020,2018,"Oud-Heverlee","FS12B",1
164643553,2018,"Oud-Heverlee","FS12B",1
71253116,2012,"Oud-Heverlee","FS12B",1
72072237,2012,"Oud-Heverlee","FS12B",1
72149396,2012,"Oud-Heverlee","FS12B",1
72149415,2012,"Oud-Heverlee","FS12B",1
76836560,2013,"Oud-Heverlee","FS12B",1
96971954,2015,"Oud-Heverlee","FS12B",1
110419820,2015,"Oud-Heverlee","FS12B",1
115232682,2016,"Oud-Heverlee","FS12B",1
119210732,2016,"Oud-Heverlee","FS12B",5
122027011,2016,"Oud-Heverlee","FS12B",1
134622055,2017,"Oud-Heverlee","FS12B",1
137250404,2017,"Oud-Heverlee","FS12B",1
137807881,2017,"Oud-Heverlee","FS12B",3
140552860,2017,"Oud-Heverlee","FS12B",16
143384331,2017,"Oud-Heverlee","FS12B",3
145278381,2017,"Oud-Heverlee","FS12B",1
149312810,2018,"Oud-Heverlee","FS12B",1
149414899,2018,"Oud-Heverlee","FS12B",15
149414899,2018,"Oud-Heverlee","FS12B",3
150259304,2018,"Oud-Heverlee","FS12B",2
150310827,2018,"Oud-Heverlee","FS12B",11
150310827,2018,"Oud-Heverlee","FS12B",1
150310827,2018,"Oud-Heverlee","FS12B",1
154767149,2018,"Oud-Heverlee","FS12B",1
154915927,2018,"Oud-Heverlee","FS12B",1
155779999,2018,"Oud-Heverlee","FS12B",1
156056305,2018,"Oud-Heverlee","FS12B",1
155007578,2018,"Oud-Heverlee","FS12B",1
156883806,2018,"Oud-Heverlee","FS12B",11
156883806,2018,"Oud-Heverlee","FS12B",2
166010058,2018,"Oud-Heverlee","FS12B",1
166010104,2018,"Oud-Heverlee","FS12B",1
166010170,2018,"Oud-Heverlee","FS12B",1
115382115,2016,"Oud-Heverlee","FS13D",1
162662765,2018,"Oud-Heverlee","FS13D",1
163370337,2018,"Oud-Heverlee","FS13D",8
163370337,2018,"Oud-Heverlee","FS13D",2
137128453,2017,"Oud-Heverlee","FS13D",1
148945027,2018,"Oud-Heverlee","FS13D",1
115768301,2016,"Oud-Heverlee","FS13D",1
134204416,2017,"Oud-Heverlee","FS13D",1
143383670,2017,"Oud-Heverlee","FS13D",10
166010016,2018,"Oud-Heverlee","FS22A",1
166010019,2018,"Oud-Heverlee","FS22A",1
166010033,2018,"Oud-Heverlee","FS22A",1
166010046,2018,"Oud-Heverlee","FS22A",1
63782209,2012,"Lanaken","FS84A",2
47235371,2010,"Lanaken","FS84B",1
47249049,2010,"Lanaken","FS84B",4
52153493,2011,"Lanaken","FS84B",12
53110020,2011,"Lanaken","FS84B",6
86030392,2014,"Lanaken","FS84B",3
105261420,2015,"Lanaken","FS84B",1
140504208,2017,"Lanaken","FS84B",6
72158508,2012,"Lanaken","FS84B",1
73209284,2013,"Lanaken","FS84B",1
74713188,2013,"Lanaken","FS84B",1
80742429,2013,"Lanaken","FS84B",1
84129726,2014,"Lanaken","FS84B",1
84262265,2014,"Lanaken","FS84B",1
84950995,2014,"Lanaken","FS84B",1
86721937,2014,"Lanaken","FS84B",1
89106648,2014,"Lanaken","FS84B",1
96598329,2014,"Lanaken","FS84B",1
96598348,2014,"Lanaken","FS84B",1
121582872,2016,"Lanaken","FS84B",1
142090100,2017,"Lanaken","FS84B",1
144132984,2017,"Lanaken","FS84B",2
144284006,2017,"Lanaken","FS84B",1
148075005,2018,"Lanaken","FS84B",1
49176042,2010,"Lanaken","FS84C",1
49176124,2010,"Lanaken","FS84D",1
52410591,2011,"Lanaken","FS84D",4
55064168,2011,"Lanaken","FS84D",1
120796810,2016,"Lanaken","FS84D",5
132998923,2016,"Lanaken","FS84D",6
133119118,2016,"Lanaken","FS84D",2
162638754,2018,"Lanaken","FS84D",5
123573427,2016,"Lanaken","FS84D",1
82976516,2014,"Lanaken","FS84D",20
105831889,2015,"Lanaken","FS84D",1
143249580,2017,"Lanaken","FS84D",1
144514196,2017,"Lanaken","FS84D",1
61495316,2011,"Riemst","FS83D",1
43571947,2009,"Hamont-Achel","FS78A",1
43558385,2009,"Hamont-Achel","FS78A",1
43745821,2009,"Hamont-Achel","FS78A",3
43745821,2009,"Hamont-Achel","FS78A",6
43745821,2009,"Hamont-Achel","FS78A",11
47298033,2010,"Hamont-Achel","FS78A",1
49647029,2010,"Hamont-Achel","FS78A",1
51689448,2011,"Hamont-Achel","FS78A",1
55377483,2011,"Hamont-Achel","FS78A",1
55379050,2011,"Hamont-Achel","FS78A",1
61926856,2011,"Hamont-Achel","FS78A",1
62176196,2011,"Hamont-Achel","FS78A",1
62622865,2012,"Hamont-Achel","FS78A",1
63379865,2012,"Hamont-Achel","FS78A",1
72073688,2012,"Hamont-Achel","FS78A",1
96277364,2014,"Hamont-Achel","FS78A",1
110482675,2015,"Hamont-Achel","FS78A",1
115182112,2016,"Hamont-Achel","FS78A",1
70262411,2012,"Hamont-Achel","FS78A",1
72073592,2012,"Hamont-Achel","FS78A",1
96277473,2014,"Hamont-Achel","FS78A",1
109499772,2015,"Hamont-Achel","FS78A",1
112861335,2015,"Hamont-Achel","FS78A",9
133483377,2017,"Hamont-Achel","FS78A",1
96277442,2014,"Hamont-Achel","FS78B",1
67439866,2012,"Hamont-Achel","FS78C",1
110571824,2015,"Hamont-Achel","FS78C",1
56149284,2011,"Hamont-Achel","FS78D",1
73152207,2013,"Leuven","FS13D",3
81696504,2014,"Maaseik","FS86B",1
86653759,2014,"Maaseik","FS86B",15
61551810,2011,"Maaseik","FS86D",1
61566620,2011,"Maaseik","FS86D",1
72376882,2012,"Maaseik","FS86D",2
80879136,2013,"Maaseik","FS86D",2
157656230,2018,"Maaseik","FS86D",5
72798097,2012,"Maaseik","FS86D",1
73724156,2013,"Maaseik","FS86D",2
80212949,2013,"Maaseik","FS86D",10
71511995,2012,"Maaseik","FS86D",2
73552042,2013,"Maaseik","FS86D",2
73587675,2013,"Maaseik","FS86D",2
73782749,2013,"Maaseik","FS86D",1
73873550,2013,"Maaseik","FS86D",2
80991038,2014,"Maaseik","FS86D",2
81607886,2014,"Maaseik","FS86D",2
81614827,2014,"Maaseik","FS86D",2
81616731,2014,"Maaseik","FS86D",2
162658190,2018,"Maaseik","FS86D",1
62582232,2012,"Maaseik","FS96A",1
82976546,2014,"Maaseik","FS96A",1
100128932,2015,"Bree","FS87D",1
100172865,2015,"Bree","FS87D",3
100281327,2015,"Bree","FS87D",5
144960805,2017,"Bree","FS87D",1
145087196,2017,"Bree","FS87D",1
145120984,2017,"Bree","FS87D",1
145158144,2017,"Bree","FS87D",1
145226854,2017,"Bree","FS87D",5
145226854,2017,"Bree","FS87D",3
145329016,2017,"Bree","FS87D",1
145523071,2017,"Bree","FS87D",1
145525576,2017,"Bree","FS87D",1
146937643,2017,"Bree","FS87D",3
147319806,2017,"Bree","FS87D",4
149117482,2018,"Bree","FS87D",3
150687575,2018,"Bree","FS87D",1
150775421,2018,"Bree","FS87D",6
150777743,2018,"Bree","FS87D",1
161977656,2018,"Bree","FS87D",1
161978441,2018,"Bree","FS87D",1
162741659,2018,"Bree","FS87D",6
163269667,2018,"Bree","FS87D",1
163957881,2018,"Bree","FS87D",6
163984064,2018,"Bree","FS87D",3
163996993,2018,"Bree","FS87D",3
164151255,2018,"Bree","FS87D",7
164190749,2018,"Bree","FS87D",2
82791203,2014,"Bree","FS87D",7
89292686,2014,"Bree","FS87D",1
98452508,2015,"Bree","FS87D",6
98385209,2015,"Bree","FS87D",1
103293605,2015,"Bree","FS87D",1
108055325,2015,"Bree","FS87D",1
113021041,2015,"Bree","FS87D",1
138201665,2017,"Bree","FS87D",1
138288989,2017,"Bree","FS87D",1
145327408,2017,"Bree","FS87D",1
149958876,2018,"Bree","FS87D",1
156601616,2018,"Bree","FS87D",1
158322875,2018,"Bree","FS87D",5
164008374,2018,"Bree","FS87D",3
95295790,2014,"Mol","FS48B",8
143144609,2017,"Mol","FS48B",2
145619834,2017,"Mol","FS48D",1
142373872,2017,"Mol","FS57A",1
142373874,2017,"Mol","FS57A",1
122280914,2016,"Mol","FS58A",1
134770881,2017,"Mol","FS58A",1
74885163,2013,"Mol","FS58A",1
89523111,2014,"Mol","FS58A",1
89523119,2014,"Mol","FS58A",1
95295804,2014,"Mol","FS58A",1
138329088,2017,"Mol","FS58A",1
109551405,2015,"Mol","FS58A",2
109551413,2015,"Mol","FS58A",1
115890572,2016,"Mol","FS58A",1
123342700,2016,"Mol","FS58A",1
125855633,2016,"Mol","FS58A",1
113263834,2015,"Mol","FS58C",4
122921057,2016,"Mol","FS58C",1
124463037,2016,"Mol","FS58C",1
134524284,2017,"Mol","FS58C",2
135114207,2017,"Mol","FS58C",1
139410732,2017,"Mol","FS58C",5
77066970,2013,"Mol","FS58C",1
77066990,2013,"Mol","FS58C",1
77401714,2013,"Mol","FS58C",2
77401721,2013,"Mol","FS58C",2
79035127,2013,"Mol","FS58C",1
89195728,2014,"Mol","FS58C",1
89195735,2014,"Mol","FS58C",1
89523090,2014,"Mol","FS58C",1
89523097,2014,"Mol","FS58C",1
89532827,2014,"Mol","FS58C",1
89532834,2014,"Mol","FS58C",1
89532858,2014,"Mol","FS58C",1
89532879,2014,"Mol","FS58C",3
95512650,2014,"Mol","FS58C",1
139411708,2017,"Mol","FS58C",1
139411701,2017,"Mol","FS58C",1
139411676,2017,"Mol","FS58C",1
139411689,2017,"Mol","FS58C",1
139411730,2017,"Mol","FS58C",1
139411718,2017,"Mol","FS58C",2
139478619,2017,"Mol","FS58C",1
86946133,2014,"Mol","FS58C",1
122424174,2016,"Mol","FS58C",5
121824614,2016,"Mol","FS58C",1
122424215,2016,"Mol","FS58C",3
123949320,2016,"Mol","FS58C",1
123949357,2016,"Mol","FS58C",2
123949371,2016,"Mol","FS58C",1
124092264,2016,"Mol","FS58C",5
124092618,2016,"Mol","FS58C",1
125934608,2016,"Mol","FS58C",1
124092281,2016,"Mol","FS58C",4
125934609,2016,"Mol","FS58C",4
124092288,2016,"Mol","FS58C",3
124092419,2016,"Mol","FS58C",1
125934586,2016,"Mol","FS58C",1
125934588,2016,"Mol","FS58C",1
125934613,2016,"Mol","FS58C",4
125934622,2016,"Mol","FS58C",1
125934594,2016,"Mol","FS58C",1
125934591,2016,"Mol","FS58C",1
125934596,2016,"Mol","FS58C",1
132622176,2016,"Mol","FS58C",1
132622157,2016,"Mol","FS58C",1
132622154,2016,"Mol","FS58C",1
133369366,2016,"Mol","FS58C",2
133369278,2016,"Mol","FS58C",9
133369346,2016,"Mol","FS58C",3
135453958,2017,"Mol","FS58C",4
135453961,2017,"Mol","FS58C",1
135453973,2017,"Mol","FS58C",1
135453984,2017,"Mol","FS58C",4
135453944,2017,"Mol","FS58C",4
139411745,2017,"Mol","FS58C",1
138701915,2017,"Mol","FS58C",2
138914786,2017,"Mol","FS58C",1
141578997,2017,"Mol","FS58C",2
141579010,2017,"Mol","FS58C",2
141580310,2017,"Mol","FS58C",2
141578333,2017,"Mol","FS58C",4
141580792,2017,"Mol","FS58C",1
141578352,2017,"Mol","FS58C",3
141578378,2017,"Mol","FS58C",1
141578573,2017,"Mol","FS58C",2
141578595,2017,"Mol","FS58C",2
141578396,2017,"Mol","FS58C",9
141579749,2017,"Mol","FS58C",1
141579786,2017,"Mol","FS58C",4
141578411,2017,"Mol","FS58C",5
141578807,2017,"Mol","FS58C",2
141578824,2017,"Mol","FS58C",2
141578841,2017,"Mol","FS58C",3
141579889,2017,"Mol","FS58C",6
141578480,2017,"Mol","FS58C",2
141579909,2017,"Mol","FS58C",1
141578848,2017,"Mol","FS58C",3
143243674,2017,"Mol","FS58C",4
143327701,2017,"Mol","FS58C",4
143327577,2017,"Mol","FS58C",3
143327584,2017,"Mol","FS58C",3
143327712,2017,"Mol","FS58C",4
143327589,2017,"Mol","FS58C",2
143327614,2017,"Mol","FS58C",10
143327867,2017,"Mol","FS58C",2
142508411,2017,"Mol","FS58C",1
143327629,2017,"Mol","FS58C",1
143327636,2017,"Mol","FS58C",1
143327643,2017,"Mol","FS58C",2
143327650,2017,"Mol","FS58C",1
144739260,2017,"Mol","FS58C",1
144739271,2017,"Mol","FS58C",2
144739279,2017,"Mol","FS58C",4
144739286,2017,"Mol","FS58C",2
144739317,2017,"Mol","FS58C",1
144739376,2017,"Mol","FS58C",1
144739402,2017,"Mol","FS58C",4
144739413,2017,"Mol","FS58C",3
144739416,2017,"Mol","FS58C",1
144739438,2017,"Mol","FS58C",1
145619825,2017,"Mol","FS58C",4
145619827,2017,"Mol","FS58C",3
146922566,2017,"Mol","FS58C",1
146923406,2017,"Mol","FS58C",4
146923527,2017,"Mol","FS58C",2
145662826,2017,"Mol","FS58C",1
146922850,2017,"Mol","FS58C",1
146923833,2017,"Mol","FS58C",1
146923839,2017,"Mol","FS58C",1
146923844,2017,"Mol","FS58C",1
146923856,2017,"Mol","FS58C",2
146922985,2017,"Mol","FS58C",5
146923015,2017,"Mol","FS58C",1
146923078,2017,"Mol","FS58C",4
146923860,2017,"Mol","FS58C",4
146923150,2017,"Mol","FS58C",1
146923872,2017,"Mol","FS58C",1
147944726,2018,"Mol","FS58C",1
150631021,2018,"Mol","FS58C",3
150631028,2018,"Mol","FS58C",1
150631047,2018,"Mol","FS58C",1
160865489,2018,"Mol","FS58C",2
162240165,2018,"Mol","FS58C",1
162706673,2018,"Mol","FS58C",3
164689204,2018,"Mol","FS58C",2
89523372,2014,"Mol","FS58D",1
48506705,2010,"Hechtel-Eksel","FS56B",1
48808306,2010,"Hechtel-Eksel","FS66A",1
48808407,2010,"Hechtel-Eksel","FS66A",1
48808435,2010,"Hechtel-Eksel","FS66A",1
48808515,2010,"Hechtel-Eksel","FS66A",1
69425500,2012,"Hechtel-Eksel","FS66A",21
56010447,2011,"Hechtel-Eksel","FS66C",4
144373295,2017,"Hechtel-Eksel","FS66C",10
49987704,2010,"Hechtel-Eksel","FS66D",3
50738123,2010,"Hechtel-Eksel","FS66D",1
83173092,2014,"Hechtel-Eksel","FS66D",1
116979341,2016,"Hechtel-Eksel","FS66D",1
138831324,2017,"Hechtel-Eksel","FS66D",6
147335225,2018,"Hechtel-Eksel","FS66D",1
43744865,2009,"Hechtel-Eksel","FS67C",1
46452020,2010,"Hechtel-Eksel","FS67C",1
154897955,2018,"Hechtel-Eksel","FS77C",1
122948455,2016,"Zonhoven","FS64A",9
159214882,2018,"Zonhoven","FS64A",2
110566693,2015,"Zonhoven","FS64A",1
113190373,2015,"Zonhoven","FS64A",1
113450504,2015,"Zonhoven","FS64A",1
116540882,2016,"Zonhoven","FS64A",1
116824649,2016,"Zonhoven","FS64A",1
119192092,2016,"Zonhoven","FS64A",1
122021967,2016,"Zonhoven","FS64A",1
122037604,2016,"Zonhoven","FS64A",1
122523694,2016,"Zonhoven","FS64A",1
122961553,2016,"Zonhoven","FS64A",1
123305237,2016,"Zonhoven","FS64A",1
124459576,2016,"Zonhoven","FS64A",1
124492488,2016,"Zonhoven","FS64A",1
126497154,2016,"Zonhoven","FS64A",1
126497159,2016,"Zonhoven","FS64A",1
132703146,2016,"Zonhoven","FS64A",3
132705364,2016,"Zonhoven","FS64A",1
133135842,2016,"Zonhoven","FS64A",1
135491181,2017,"Zonhoven","FS64A",1
143929992,2017,"Zonhoven","FS64A",1
145220667,2017,"Zonhoven","FS64A",1
162690811,2018,"Zonhoven","FS64A",6
164405049,2018,"Zonhoven","FS64A",1
166047827,2018,"Zonhoven","FS64A",1
162270362,2018,"Zonhoven","FS64B",1
124137714,2016,"Zonhoven","FS65C",1
126564094,2016,"Zonhoven","FS65C",1
134516224,2017,"Zonhoven","FS65C",1
109102079,2015,"Zonhoven","FS65C",1
110604664,2015,"Zonhoven","FS65C",1
113199371,2015,"Zonhoven","FS65C",1
113450495,2015,"Zonhoven","FS65C",1
121754215,2016,"Zonhoven","FS65C",1
122616297,2016,"Zonhoven","FS65C",1
123915634,2016,"Zonhoven","FS65C",1
124521275,2016,"Zonhoven","FS65C",1
126465870,2016,"Zonhoven","FS65C",1
126465878,2016,"Zonhoven","FS65C",1
126497273,2016,"Zonhoven","FS65C",1
126497276,2016,"Zonhoven","FS65C",1
126607045,2016,"Zonhoven","FS65C",1
126607060,2016,"Zonhoven","FS65C",1
126607067,2016,"Zonhoven","FS65C",1
126634260,2016,"Zonhoven","FS65C",1
126634261,2016,"Zonhoven","FS65C",1
126634262,2016,"Zonhoven","FS65C",1
134381148,2017,"Zonhoven","FS65C",1
147352178,2018,"Zonhoven","FS65C",1
148434881,2018,"Zonhoven","FS65C",1
56553129,2011,"Zonhoven","FS65D",1
56563291,2011,"Zonhoven","FS65D",1
43745104,2009,"Zonhoven","FS75C",1
47611938,2009,"Zonhoven","FS75C",1
45783402,2009,"Zonhoven","FS75C",1
40376022,2008,"Laakdal","FS35B",2
40370642,2008,"Laakdal","FS35B",4
40867508,2008,"Laakdal","FS35B",1
40867459,2008,"Laakdal","FS35B",1
40869512,2008,"Laakdal","FS35B",1
40878530,2008,"Laakdal","FS35B",1
40880945,2008,"Laakdal","FS35B",1
40889724,2008,"Laakdal","FS35B",1
40907723,2008,"Laakdal","FS35B",1
40918992,2008,"Laakdal","FS35B",1
40918073,2008,"Laakdal","FS35B",1
43813407,2009,"Laakdal","FS35B",1
87640606,2014,"Laakdal","FS35B",2
84833897,2014,"Laakdal","FS36D",1
84842653,2014,"Laakdal","FS36D",1
84934796,2014,"Laakdal","FS36D",1
96972788,2015,"Lommel","FS57B",1
141403431,2017,"Lommel","FS57B",1
53040053,2011,"Lommel","FS57D",1
117254557,2016,"Lommel","FS58D",7
139679818,2017,"Lommel","FS58D",1
72132164,2012,"Lommel","FS58D",1
114052038,2016,"Lommel","FS58D",1
114295473,2016,"Lommel","FS58D",1
114674905,2016,"Lommel","FS58D",1
115142776,2016,"Lommel","FS58D",2
132490209,2016,"Lommel","FS58D",8
141090892,2017,"Lommel","FS58D",1
141403301,2017,"Lommel","FS58D",1
142429860,2017,"Lommel","FS58D",1
74084489,2013,"Lommel","FS67C",1
137191773,2017,"Lommel","FS67C",1
84908689,2014,"Lommel","FS68D",1
89399519,2014,"Lommel","FS68D",1
95532363,2014,"Lommel","FS68D",1
96222684,2014,"Lommel","FS68D",1
136569276,2017,"Lommel","FS68D",1
156996454,2018,"Lommel","FS68D",1
82907239,2014,"Lommel","FS68D",1
110413486,2015,"Lommel","FS68D",1
126547923,2016,"Lommel","FS68D",1
126679914,2016,"Lommel","FS68D",1
126679931,2016,"Lommel","FS68D",1
134165596,2017,"Lommel","FS68D",1
134821856,2017,"Lommel","FS68D",1
146266753,2017,"Lommel","FS68D",9
150354051,2018,"Lommel","FS68D",5
150354051,2018,"Lommel","FS68D",1
156996456,2018,"Lommel","FS68D",1
164729257,2018,"Lommel","FS68D",1
135036169,2017,"Ravels","FS49A",1
145397780,2017,"Ravels","FS49A",1
88092505,2014,"Ravels","FS49A",1
88092509,2014,"Ravels","FS49A",1
89007408,2014,"Ravels","FS49A",1
89007326,2014,"Ravels","FS49A",1
133194518,2016,"Ravels","FS49A",1
135247201,2017,"Ravels","FS49A",1
139314069,2017,"Ravels","FS49C",1
81843334,2014,"Neerpelt","FS68D",1
81843343,2014,"Neerpelt","FS68D",1
82474385,2014,"Neerpelt","FS68D",1
82907194,2014,"Neerpelt","FS68D",1
83174076,2014,"Neerpelt","FS68D",2
83174009,2014,"Neerpelt","FS68D",2
83720206,2014,"Neerpelt","FS68D",1
89161423,2014,"Neerpelt","FS68D",1
95590283,2014,"Neerpelt","FS68D",1
98566308,2015,"Neerpelt","FS68D",1
121428195,2016,"Neerpelt","FS68D",1
121822533,2016,"Neerpelt","FS68D",1
124092545,2016,"Neerpelt","FS68D",14
124501648,2016,"Neerpelt","FS68D",1
125938353,2016,"Neerpelt","FS68D",1
126536993,2016,"Neerpelt","FS68D",1
132710353,2016,"Neerpelt","FS68D",1
135049226,2017,"Neerpelt","FS68D",1
135068695,2017,"Neerpelt","FS68D",1
135146253,2017,"Neerpelt","FS68D",1
135614173,2017,"Neerpelt","FS68D",1
139567641,2017,"Neerpelt","FS68D",1
139646431,2017,"Neerpelt","FS68D",10
146932811,2017,"Neerpelt","FS68D",10
147322184,2018,"Neerpelt","FS68D",9
157072106,2018,"Neerpelt","FS68D",4
157072106,2018,"Neerpelt","FS68D",1
159688136,2018,"Neerpelt","FS68D",1
160289010,2018,"Neerpelt","FS68D",1
165034369,2018,"Neerpelt","FS68D",1
166011946,2018,"Neerpelt","FS68D",1
97798588,2015,"Neerpelt","FS68D",1
97992372,2015,"Neerpelt","FS68D",1
132710348,2016,"Neerpelt","FS68D",1
82907221,2014,"Neerpelt","FS68D",1
82907234,2014,"Neerpelt","FS68D",1
82907271,2014,"Neerpelt","FS68D",1
83032995,2014,"Neerpelt","FS68D",1
83032995,2014,"Neerpelt","FS68D",2
83249902,2014,"Neerpelt","FS68D",1
83720650,2014,"Neerpelt","FS68D",1
83836103,2014,"Neerpelt","FS68D",1
84264829,2014,"Neerpelt","FS68D",1
84264907,2014,"Neerpelt","FS68D",1
89523467,2014,"Neerpelt","FS68D",1
89373895,2014,"Neerpelt","FS68D",2
95590249,2014,"Neerpelt","FS68D",1
97963007,2015,"Neerpelt","FS68D",2
100130364,2015,"Neerpelt","FS68D",1
103262895,2015,"Neerpelt","FS68D",1
103293947,2015,"Neerpelt","FS68D",1
121822534,2016,"Neerpelt","FS68D",1
124501660,2016,"Neerpelt","FS68D",1
125938358,2016,"Neerpelt","FS68D",1
126067516,2016,"Neerpelt","FS68D",1
126536999,2016,"Neerpelt","FS68D",1
126679894,2016,"Neerpelt","FS68D",1
132710360,2016,"Neerpelt","FS68D",1
132710372,2016,"Neerpelt","FS68D",1
133644792,2017,"Neerpelt","FS68D",1
133644828,2017,"Neerpelt","FS68D",1
134453490,2017,"Neerpelt","FS68D",1
134453508,2017,"Neerpelt","FS68D",1
134657471,2017,"Neerpelt","FS68D",1
134973646,2017,"Neerpelt","FS68D",1
135049230,2017,"Neerpelt","FS68D",4
135049257,2017,"Neerpelt","FS68D",1
135068702,2017,"Neerpelt","FS68D",1
135146263,2017,"Neerpelt","FS68D",1
135146266,2017,"Neerpelt","FS68D",1
135205870,2017,"Neerpelt","FS68D",1
135376441,2017,"Neerpelt","FS68D",1
136424469,2017,"Neerpelt","FS68D",2
136501127,2017,"Neerpelt","FS68D",1
136931355,2017,"Neerpelt","FS68D",1
137216376,2017,"Neerpelt","FS68D",1
139439562,2017,"Neerpelt","FS68D",2
139439566,2017,"Neerpelt","FS68D",1
139567643,2017,"Neerpelt","FS68D",1
141769814,2017,"Neerpelt","FS68D",4
142630388,2017,"Neerpelt","FS68D",1
144096484,2017,"Neerpelt","FS68D",1
146043584,2017,"Neerpelt","FS68D",6
146251655,2017,"Neerpelt","FS68D",8
146350681,2017,"Neerpelt","FS68D",1
146932802,2017,"Neerpelt","FS68D",3
146952113,2017,"Neerpelt","FS68D",1
147322189,2018,"Neerpelt","FS68D",1
147579995,2018,"Neerpelt","FS68D",1
148063076,2018,"Neerpelt","FS68D",3
147974186,2018,"Neerpelt","FS68D",1
148063047,2018,"Neerpelt","FS68D",1
148715683,2018,"Neerpelt","FS68D",1
149984738,2018,"Neerpelt","FS68D",10
149984738,2018,"Neerpelt","FS68D",1
150608939,2018,"Neerpelt","FS68D",1
162427937,2018,"Neerpelt","FS68D",1
162427959,2018,"Neerpelt","FS68D",1
163958513,2018,"Neerpelt","FS68D",4
164338513,2018,"Neerpelt","FS68D",1
164628984,2018,"Neerpelt","FS68D",9
164709335,2018,"Neerpelt","FS68D",6
164709335,2018,"Neerpelt","FS68D",1
164709350,2018,"Neerpelt","FS68D",1
165034488,2018,"Neerpelt","FS68D",2
165044464,2018,"Neerpelt","FS68D",1
165044489,2018,"Neerpelt","FS68D",3
165048083,2018,"Neerpelt","FS68D",1
165048148,2018,"Neerpelt","FS68D",1
165517210,2018,"Neerpelt","FS68D",6
165516724,2018,"Neerpelt","FS68D",1
165612338,2018,"Neerpelt","FS68D",18
165612381,2018,"Neerpelt","FS68D",1
165612443,2018,"Neerpelt","FS68D",1
165612451,2018,"Neerpelt","FS68D",1
165700123,2018,"Neerpelt","FS68D",1
165700139,2018,"Neerpelt","FS68D",1
165696115,2018,"Neerpelt","FS68D",1
165822915,2018,"Neerpelt","FS68D",2
165927358,2018,"Neerpelt","FS68D",7
165799938,2018,"Neerpelt","FS68D",1
165927105,2018,"Neerpelt","FS68D",1
76524641,2013,"Meeuwen-Gruitrode","FS75B",1
76858476,2013,"Meeuwen-Gruitrode","FS75B",2
113297065,2015,"Meeuwen-Gruitrode","FS75B",1
114459009,2016,"Meeuwen-Gruitrode","FS75B",9
136446432,2017,"Meeuwen-Gruitrode","FS75B",1
141554720,2017,"Meeuwen-Gruitrode","FS75B",6
145627395,2017,"Meeuwen-Gruitrode","FS75B",6
158175276,2018,"Meeuwen-Gruitrode","FS75B",4
76524640,2013,"Meeuwen-Gruitrode","FS75B",2
77489937,2013,"Meeuwen-Gruitrode","FS75B",1
81962560,2014,"Meeuwen-Gruitrode","FS75B",1
97911653,2015,"Meeuwen-Gruitrode","FS75B",1
109008997,2015,"Meeuwen-Gruitrode","FS75B",1
114116066,2015,"Meeuwen-Gruitrode","FS75B",1
119179283,2016,"Meeuwen-Gruitrode","FS75B",1
136710422,2017,"Meeuwen-Gruitrode","FS75B",1
138907789,2017,"Meeuwen-Gruitrode","FS75B",16
141157172,2017,"Meeuwen-Gruitrode","FS75B",1
144517893,2017,"Meeuwen-Gruitrode","FS75B",1
145303336,2017,"Meeuwen-Gruitrode","FS75B",2
148806282,2018,"Meeuwen-Gruitrode","FS75B",4
150466977,2018,"Meeuwen-Gruitrode","FS75B",1
161790997,2018,"Meeuwen-Gruitrode","FS75B",1
124498706,2016,"Meeuwen-Gruitrode","FS76D",1
108877499,2015,"Meeuwen-Gruitrode","FS76D",1
138473142,2017,"Meeuwen-Gruitrode","FS76D",1
150272724,2018,"Meeuwen-Gruitrode","FS76D",1
126394384,2016,"Meeuwen-Gruitrode","FS85A",6
84132706,2014,"Meeuwen-Gruitrode","FS85A",1
126394350,2016,"Meeuwen-Gruitrode","FS86C",3
114715351,2016,"Meeuwen-Gruitrode","FS86C",1
114114526,2016,"Meeuwen-Gruitrode","FS86C",5
163126798,2018,"Kinrooi","FS87D",6
97789056,2015,"Kinrooi","FS87D",1
101676532,2015,"Kinrooi","FS96A",1
125729134,2016,"Kinrooi","FS97C",1
137056823,2017,"Kinrooi","FS97C",1
109567778,2015,"Kinrooi","FS97D",1
113079179,2015,"Kinrooi","FS97D",1
113694226,2016,"Kinrooi","FS97D",1
114067032,2016,"Kinrooi","FS97D",1
115181083,2016,"Kinrooi","FS97D",1
132847887,2016,"Kinrooi","FS97D",1
134400897,2017,"Kinrooi","FS97D",1
163087156,2018,"Kinrooi","FS97D",1
97931833,2015,"Kinrooi","FS97D",1
97823714,2015,"Kinrooi","FS97D",1
100470601,2015,"Kinrooi","FS97D",1
113694232,2016,"Kinrooi","FS97D",1
116844925,2016,"Kinrooi","FS97D",1
115755396,2016,"Kinrooi","FS97D",3
116153983,2016,"Kinrooi","FS97D",3
132812149,2016,"Kinrooi","FS97D",3
81714475,2014,"Retie","FS48D",4
146945582,2017,"Retie","FS48D",1
95254575,2014,"Retie","FS48D",1
103538582,2015,"Retie","FS48D",1
146926121,2017,"Retie","FS48D",1
162706689,2018,"Retie","FS58C",1
45072315,2009,"Houthalen-Helchteren","FS65A",8
56428085,2011,"Houthalen-Helchteren","FS65A",1
71206044,2012,"Houthalen-Helchteren","FS65A",5
109758148,2015,"Houthalen-Helchteren","FS65A",1
120196324,2016,"Houthalen-Helchteren","FS65A",9
120196324,2016,"Houthalen-Helchteren","FS65A",3
73767005,2013,"Houthalen-Helchteren","FS65A",1
73777590,2013,"Houthalen-Helchteren","FS65A",1
96230369,2014,"Houthalen-Helchteren","FS65A",1
136310407,2017,"Houthalen-Helchteren","FS65A",1
140569833,2017,"Houthalen-Helchteren","FS65A",5
141153160,2017,"Houthalen-Helchteren","FS65A",1
45116047,2009,"Houthalen-Helchteren","FS65B",1
55313652,2011,"Houthalen-Helchteren","FS65B",1
134029316,2017,"Houthalen-Helchteren","FS65B",4
134416543,2017,"Houthalen-Helchteren","FS65B",1
134498416,2017,"Houthalen-Helchteren","FS65B",1
141445372,2017,"Houthalen-Helchteren","FS65B",2
142200072,2017,"Houthalen-Helchteren","FS65B",1
146734058,2017,"Houthalen-Helchteren","FS65B",1
146734976,2017,"Houthalen-Helchteren","FS65B",1
137094993,2017,"Houthalen-Helchteren","FS65B",1
138634109,2017,"Houthalen-Helchteren","FS65B",1
141584992,2017,"Houthalen-Helchteren","FS65B",1
147931131,2018,"Houthalen-Helchteren","FS65B",1
148241461,2018,"Houthalen-Helchteren","FS65B",1
108860755,2015,"Houthalen-Helchteren","FS65D",1
47172919,2010,"Houthalen-Helchteren","FS66C",2
49019800,2010,"Houthalen-Helchteren","FS66C",2
49815608,2010,"Houthalen-Helchteren","FS66C",1
70036200,2012,"Houthalen-Helchteren","FS66C",3
70036201,2012,"Houthalen-Helchteren","FS66C",2
61273477,2011,"Houthalen-Helchteren","FS66D",2
63932252,2012,"Houthalen-Helchteren","FS66D",1
68410490,2012,"Houthalen-Helchteren","FS66D",1
77441889,2013,"Houthalen-Helchteren","FS66D",1
86495474,2014,"Houthalen-Helchteren","FS66D",1
121422435,2016,"Houthalen-Helchteren","FS66D",13
136610005,2017,"Houthalen-Helchteren","FS66D",7
70412421,2012,"Houthalen-Helchteren","FS66D",1
70412425,2012,"Houthalen-Helchteren","FS66D",3
70560974,2012,"Houthalen-Helchteren","FS66D",1
70560986,2012,"Houthalen-Helchteren","FS66D",8
71077309,2012,"Houthalen-Helchteren","FS66D",3
73188787,2013,"Houthalen-Helchteren","FS66D",1
86581254,2014,"Houthalen-Helchteren","FS66D",1
96249777,2014,"Houthalen-Helchteren","FS66D",16
98194695,2015,"Houthalen-Helchteren","FS66D",4
100374821,2015,"Houthalen-Helchteren","FS66D",3
114880806,2016,"Houthalen-Helchteren","FS66D",1
121422443,2016,"Houthalen-Helchteren","FS66D",8
122983702,2016,"Houthalen-Helchteren","FS66D",1
126536412,2016,"Houthalen-Helchteren","FS66D",20
133043733,2016,"Houthalen-Helchteren","FS66D",4
133848399,2017,"Houthalen-Helchteren","FS66D",3
138158509,2017,"Houthalen-Helchteren","FS66D",1
136425637,2017,"Houthalen-Helchteren","FS66D",3
136610001,2017,"Houthalen-Helchteren","FS66D",1
136725755,2017,"Houthalen-Helchteren","FS66D",3
137432615,2017,"Houthalen-Helchteren","FS66D",18
139552868,2017,"Houthalen-Helchteren","FS66D",5
144789165,2017,"Houthalen-Helchteren","FS66D",5
148362922,2018,"Houthalen-Helchteren","FS66D",1
148608094,2018,"Houthalen-Helchteren","FS66D",5
150130805,2018,"Houthalen-Helchteren","FS66D",4
105595810,2015,"Houthalen-Helchteren","FS75A",6
89655433,2014,"Houthalen-Helchteren","FS75A",1
89655450,2014,"Houthalen-Helchteren","FS75A",1
95272944,2014,"Houthalen-Helchteren","FS75A",1
97604614,2015,"Houthalen-Helchteren","FS75A",1
102104118,2015,"Houthalen-Helchteren","FS75A",1
109242208,2015,"Houthalen-Helchteren","FS75A",1
133712083,2017,"Houthalen-Helchteren","FS75A",1
137892527,2017,"Houthalen-Helchteren","FS75A",1
148671488,2018,"Houthalen-Helchteren","FS75A",1
155181375,2018,"Houthalen-Helchteren","FS75A",15
155181377,2018,"Houthalen-Helchteren","FS75A",9
116019027,2016,"Houthalen-Helchteren","FS75C",10
138009414,2017,"Bilzen","FS73B",1
102731471,2015,"Bilzen","FS74C",2
102887948,2015,"Bilzen","FS74C",1
102920030,2015,"Bilzen","FS74C",3
103221420,2015,"Bilzen","FS74C",4
119919968,2016,"Bilzen","FS74C",9
162887041,2018,"Bilzen","FS74C",10
120445700,2016,"Bilzen","FS74C",12
120457448,2016,"Bilzen","FS74C",12
138996856,2017,"Bilzen","FS74C",1
48420642,2010,"Bilzen","FS74D",1
54739329,2011,"Bilzen","FS74D",1
61810388,2011,"Bilzen","FS74D",1
63784214,2012,"Bilzen","FS74D",1
82443659,2014,"Bilzen","FS74D",1
137451405,2017,"Bilzen","FS74D",1
137584951,2017,"Bilzen","FS74D",8
148996189,2018,"Bilzen","FS74D",2
80351647,2013,"Bilzen","FS74D",1
96756268,2014,"Bilzen","FS74D",1
118043261,2016,"Bilzen","FS74D",1
125972074,2016,"Bilzen","FS74D",3
125972092,2016,"Bilzen","FS74D",3
133685299,2016,"Bilzen","FS74D",4
133685301,2016,"Bilzen","FS74D",1
136143314,2017,"Bilzen","FS74D",2
136341961,2017,"Bilzen","FS74D",1
136753313,2017,"Bilzen","FS74D",1
138172763,2017,"Bilzen","FS74D",6
137246896,2017,"Bilzen","FS74D",6
137553110,2017,"Bilzen","FS74D",16
137553111,2017,"Bilzen","FS74D",8
138172548,2017,"Bilzen","FS74D",1
138172550,2017,"Bilzen","FS74D",1
140543207,2017,"Bilzen","FS74D",1
140543212,2017,"Bilzen","FS74D",1
142407490,2017,"Bilzen","FS74D",3
141369378,2017,"Bilzen","FS74D",1
142407500,2017,"Bilzen","FS74D",1
145540721,2017,"Bilzen","FS74D",4
147002851,2017,"Bilzen","FS74D",1
147002856,2017,"Bilzen","FS74D",2
148207642,2018,"Bilzen","FS74D",8
148614624,2018,"Bilzen","FS74D",5
150352069,2018,"Bilzen","FS74D",2
155715749,2018,"Bilzen","FS74D",1
149893625,2018,"Bilzen","FS74D",1
150352090,2018,"Bilzen","FS74D",3
150352103,2018,"Bilzen","FS74D",1
155516300,2018,"Bilzen","FS74D",2
150676544,2018,"Bilzen","FS74D",1
155516340,2018,"Bilzen","FS74D",3
156776617,2018,"Bilzen","FS74D",2
158823623,2018,"Bilzen","FS74D",2
159390867,2018,"Bilzen","FS74D",1
109264690,2015,"Bilzen","FS84C",1
76804590,2013,"Bilzen","FS84C",1
109136956,2014,"Bilzen","FS84C",6
88218200,2014,"Bilzen","FS84C",5
113844691,2016,"Bilzen","FS84C",1
114419606,2016,"Bilzen","FS84C",2
117037443,2016,"Diepenbeek","FS74A",1
126781929,2016,"Diepenbeek","FS74A",1
134171289,2017,"Diepenbeek","FS74A",1
135081356,2017,"Diepenbeek","FS74A",1
142077331,2017,"Diepenbeek","FS74A",3
109624085,2015,"Diepenbeek","FS74A",1
110534445,2015,"Diepenbeek","FS74A",1
118041893,2016,"Diepenbeek","FS74A",1
122640776,2016,"Diepenbeek","FS74A",1
123840510,2016,"Diepenbeek","FS74A",1
135319401,2017,"Diepenbeek","FS74A",1
135387090,2017,"Diepenbeek","FS74A",1
136956947,2017,"Diepenbeek","FS74A",1
136956947,2017,"Diepenbeek","FS74A",2
136956947,2017,"Diepenbeek","FS74A",13
136959121,2017,"Diepenbeek","FS74A",2
137636510,2017,"Diepenbeek","FS74A",10
137636533,2017,"Diepenbeek","FS74A",10
139253755,2017,"Diepenbeek","FS74A",1
146356430,2017,"Diepenbeek","FS74A",1
148066325,2018,"Diepenbeek","FS74A",1
150316312,2018,"Diepenbeek","FS74A",1
156101989,2018,"Diepenbeek","FS74A",1
160223062,2018,"Diepenbeek","FS74A",2
100904534,2015,"Diepenbeek","FS74C",1
115703127,2016,"Diepenbeek","FS74C",1
115703128,2016,"Diepenbeek","FS74C",1
115703133,2016,"Diepenbeek","FS74C",1
130967821,2016,"Diepenbeek","FS74C",1
134255069,2017,"Diepenbeek","FS74C",1
124340293,2016,"Diepenbeek","FS74C",1
133364796,2016,"Diepenbeek","FS74C",1
110634310,2015,"Diepenbeek","FS74C",3
115703125,2016,"Diepenbeek","FS74C",7
133618669,2017,"Diepenbeek","FS74C",1
139440919,2017,"Diepenbeek","FS74C",1
139440920,2017,"Diepenbeek","FS74C",4
139451226,2017,"Diepenbeek","FS74C",1
139451227,2017,"Diepenbeek","FS74C",4
83975180,2014,"Opglabbeek","FS75B",1
126758756,2016,"Opglabbeek","FS75B",1
145726323,2017,"Opglabbeek","FS75B",3
132548143,2016,"Opglabbeek","FS85A",1
114483334,2016,"Hoegaarden","FS32B",3
116762528,2016,"Hoegaarden","FS32D",1
72367436,2012,"Maasmechelen","FS84A",1
52638198,2009,"Maasmechelen","FS84B",19
56537435,2011,"Maasmechelen","FS84B",1
62696195,2012,"Maasmechelen","FS84B",1
62696241,2012,"Maasmechelen","FS84B",1
62696261,2012,"Maasmechelen","FS84B",1
79902602,2013,"Maasmechelen","FS84B",8
80703917,2013,"Maasmechelen","FS84B",1
70235171,2012,"Maasmechelen","FS84B",1
74399140,2013,"Maasmechelen","FS84B",1
74434144,2013,"Maasmechelen","FS84B",1
74434227,2013,"Maasmechelen","FS84B",1
76732174,2013,"Maasmechelen","FS84B",1
78264931,2013,"Maasmechelen","FS84B",1
79037165,2013,"Maasmechelen","FS84B",1
78878189,2013,"Maasmechelen","FS84B",2
79953035,2013,"Maasmechelen","FS84B",5
80522569,2013,"Maasmechelen","FS84B",1
80563051,2013,"Maasmechelen","FS84B",1
80563012,2013,"Maasmechelen","FS84B",1
82607036,2014,"Maasmechelen","FS84B",1
85809325,2014,"Maasmechelen","FS84B",2
85809352,2014,"Maasmechelen","FS84B",2
40239426,2008,"Maasmechelen","FS85C",3
43965810,2009,"Maasmechelen","FS85C",1
52846814,2011,"Maasmechelen","FS85C",1
63095230,2012,"Maasmechelen","FS85D",1
123512168,2016,"Maasmechelen","FS85D",1
138344083,2017,"Maasmechelen","FS85D",9
138344098,2017,"Maasmechelen","FS85D",9
163795017,2018,"Maasmechelen","FS85D",1
123510799,2016,"Maasmechelen","FS85D",1
140942300,2017,"Maasmechelen","FS85D",1
114934301,2016,"Maasmechelen","FS94C",9
133777867,2017,"Maasmechelen","FS94C",15
80484022,2013,"Maasmechelen","FS95C",1
51584083,2011,"Heusden-Zolder","FS65A",1
137598629,2017,"Heusden-Zolder","FS65A",1
144132491,2017,"Heusden-Zolder","FS65A",1
63576364,2012,"Heusden-Zolder","FS65A",1
71705343,2012,"Heusden-Zolder","FS65A",1
98564713,2015,"Heusden-Zolder","FS65A",1
109499687,2015,"Heusden-Zolder","FS65A",5
113320451,2015,"Heusden-Zolder","FS65A",1
125727812,2016,"Heusden-Zolder","FS65A",1
132748219,2016,"Heusden-Zolder","FS65A",1
136310416,2017,"Heusden-Zolder","FS65A",1
138527831,2017,"Heusden-Zolder","FS65A",1
144174079,2017,"Heusden-Zolder","FS65A",1
145475052,2017,"Heusden-Zolder","FS65A",1
145475062,2017,"Heusden-Zolder","FS65A",1
145519655,2017,"Heusden-Zolder","FS65A",1
150031630,2018,"Heusden-Zolder","FS65A",18
150031638,2018,"Heusden-Zolder","FS65A",18
110475253,2015,"Heusden-Zolder","FS65C",1
116006497,2016,"Heusden-Zolder","FS65C",1
108097640,2015,"Heusden-Zolder","FS65C",1
119322274,2016,"Heusden-Zolder","FS65C",1
121754478,2016,"Heusden-Zolder","FS65C",1
121754488,2016,"Heusden-Zolder","FS65C",1
132723151,2016,"Heusden-Zolder","FS65C",1
132959189,2016,"Heusden-Zolder","FS65C",1
135851079,2017,"Heusden-Zolder","FS65C",1
135851088,2017,"Heusden-Zolder","FS65C",1
41730986,2008,"Aarschot","FS35C",1
46978474,2010,"Aarschot","FS35C",1
74910403,2013,"Borgloon","FS63D",1
165073808,2018,"Borgloon","FS63D",1
43813471,2009,"Scherpenheuvel-Zichem","FS35B",1
43758074,2008,"Scherpenheuvel-Zichem","FS35D",2
41698100,2009,"Scherpenheuvel-Zichem","FS35D",3
41698104,2009,"Scherpenheuvel-Zichem","FS35D",3
41703634,2009,"Scherpenheuvel-Zichem","FS35D",1
41728707,2009,"Scherpenheuvel-Zichem","FS35D",1
41750795,2009,"Scherpenheuvel-Zichem","FS35D",2
42033519,2009,"Scherpenheuvel-Zichem","FS35D",3
43813465,2009,"Scherpenheuvel-Zichem","FS35D",1
43813384,2009,"Scherpenheuvel-Zichem","FS45C",1
138437881,2017,"Hoogstraten","FT20B",1
139314447,2017,"Hoogstraten","FT20B",3
139314454,2017,"Hoogstraten","FT20B",3
42004259,2009,"Dilsen-Stokkem","FS85B",1
44349231,2009,"Dilsen-Stokkem","FS85B",1
49311731,2010,"Dilsen-Stokkem","FS85B",1
52240424,2011,"Dilsen-Stokkem","FS85B",2
116690185,2016,"Dilsen-Stokkem","FS85B",1
120524174,2016,"Dilsen-Stokkem","FS85B",1
63633857,2012,"Dilsen-Stokkem","FS85B",1
45150632,2009,"Dilsen-Stokkem","FS85D",1
48563477,2010,"Dilsen-Stokkem","FS85D",1
71037301,2012,"Dilsen-Stokkem","FS85D",1
122291933,2016,"Dilsen-Stokkem","FS85D",1
122298663,2016,"Dilsen-Stokkem","FS85D",1
123380116,2016,"Dilsen-Stokkem","FS85D",1
126631728,2016,"Dilsen-Stokkem","FS85D",1
132933382,2016,"Dilsen-Stokkem","FS85D",1
124087239,2016,"Dilsen-Stokkem","FS85D",1
122478789,2016,"Bierbeek","FS12B",1
123542641,2016,"Bierbeek","FS12B",1
132650092,2016,"Bierbeek","FS12B",1
150273197,2016,"Bierbeek","FS12B",1
68960765,2012,"Bierbeek","FS22A",2
120255116,2016,"Bierbeek","FS22A",1
126435040,2016,"Bierbeek","FS22A",1
136785783,2017,"Bierbeek","FS22A",1
68859331,2012,"Bierbeek","FS22A",1
69313596,2012,"Bierbeek","FS22A",1
69318096,2012,"Bierbeek","FS22A",4
69368112,2012,"Bierbeek","FS22A",1
69941997,2012,"Bierbeek","FS22A",1
70228366,2012,"Bierbeek","FS22A",1
70551246,2012,"Bierbeek","FS22A",1
71141711,2012,"Bierbeek","FS22A",1
71269714,2012,"Bierbeek","FS22A",2
71345190,2012,"Bierbeek","FS22A",1
71627694,2012,"Bierbeek","FS22A",1
71861973,2012,"Bierbeek","FS22A",1
72072344,2012,"Bierbeek","FS22A",1
72070049,2012,"Bierbeek","FS22A",6
72370789,2012,"Bierbeek","FS22A",1
72761924,2012,"Bierbeek","FS22A",1
72738257,2012,"Bierbeek","FS22A",1
73734062,2013,"Bierbeek","FS22A",1
75651943,2013,"Bierbeek","FS22A",1
75651949,2013,"Bierbeek","FS22A",1
76750544,2013,"Bierbeek","FS22A",1
83065915,2014,"Bierbeek","FS22A",1
85626781,2014,"Bierbeek","FS22A",1
85626795,2014,"Bierbeek","FS22A",1
100396948,2012,"Bierbeek","FS22A",2
100396949,2012,"Bierbeek","FS22A",1
100396950,2012,"Bierbeek","FS22A",1
100396951,2012,"Bierbeek","FS22A",1
100396869,2012,"Bierbeek","FS22A",1
100396870,2012,"Bierbeek","FS22A",1
100396871,2012,"Bierbeek","FS22A",1
100396952,2012,"Bierbeek","FS22A",1
100396953,2012,"Bierbeek","FS22A",1
100396954,2012,"Bierbeek","FS22A",1
100396872,2012,"Bierbeek","FS22A",1
100396873,2012,"Bierbeek","FS22A",1
100396874,2012,"Bierbeek","FS22A",1
100396875,2012,"Bierbeek","FS22A",1
100396955,2012,"Bierbeek","FS22A",1
100396956,2012,"Bierbeek","FS22A",1
100396957,2012,"Bierbeek","FS22A",1
100396958,2012,"Bierbeek","FS22A",1
100396959,2012,"Bierbeek","FS22A",1
100396876,2012,"Bierbeek","FS22A",1
100396877,2012,"Bierbeek","FS22A",1
100396878,2012,"Bierbeek","FS22A",1
100396879,2012,"Bierbeek","FS22A",1
100396880,2012,"Bierbeek","FS22A",1
100396881,2012,"Bierbeek","FS22A",1
100396882,2012,"Bierbeek","FS22A",1
100396883,2012,"Bierbeek","FS22A",1
100396884,2012,"Bierbeek","FS22A",1
100396885,2012,"Bierbeek","FS22A",1
100396886,2012,"Bierbeek","FS22A",1
100396887,2012,"Bierbeek","FS22A",1
100396888,2012,"Bierbeek","FS22A",1
100396889,2012,"Bierbeek","FS22A",1
100396890,2012,"Bierbeek","FS22A",1
100396891,2012,"Bierbeek","FS22A",1
100396892,2012,"Bierbeek","FS22A",1
100396893,2012,"Bierbeek","FS22A",1
100396894,2012,"Bierbeek","FS22A",1
100396895,2012,"Bierbeek","FS22A",1
100396896,2012,"Bierbeek","FS22A",1
100396897,2012,"Bierbeek","FS22A",1
100396898,2012,"Bierbeek","FS22A",1
100396899,2012,"Bierbeek","FS22A",1
100396900,2012,"Bierbeek","FS22A",1
100396901,2012,"Bierbeek","FS22A",1
100396902,2012,"Bierbeek","FS22A",1
100396903,2012,"Bierbeek","FS22A",1
100396904,2012,"Bierbeek","FS22A",1
100396905,2012,"Bierbeek","FS22A",1
100396906,2012,"Bierbeek","FS22A",1
100396907,2012,"Bierbeek","FS22A",1
100396908,2012,"Bierbeek","FS22A",1
100396909,2012,"Bierbeek","FS22A",1
100396910,2012,"Bierbeek","FS22A",1
100396911,2012,"Bierbeek","FS22A",1
100396912,2012,"Bierbeek","FS22A",1
100396913,2012,"Bierbeek","FS22A",1
100396914,2012,"Bierbeek","FS22A",1
100396915,2012,"Bierbeek","FS22A",1
100396916,2012,"Bierbeek","FS22A",1
100396917,2012,"Bierbeek","FS22A",1
100396918,2012,"Bierbeek","FS22A",1
100396919,2012,"Bierbeek","FS22A",1
100396920,2012,"Bierbeek","FS22A",1
100396921,2012,"Bierbeek","FS22A",1
100396922,2012,"Bierbeek","FS22A",1
100396923,2012,"Bierbeek","FS22A",1
100396924,2012,"Bierbeek","FS22A",1
100396925,2012,"Bierbeek","FS22A",1
100396926,2012,"Bierbeek","FS22A",1
100396927,2012,"Bierbeek","FS22A",1
100396928,2012,"Bierbeek","FS22A",1
100396929,2012,"Bierbeek","FS22A",1
100396930,2012,"Bierbeek","FS22A",1
100396931,2012,"Bierbeek","FS22A",1
100396932,2012,"Bierbeek","FS22A",1
100396933,2012,"Bierbeek","FS22A",1
100396934,2012,"Bierbeek","FS22A",1
100396935,2012,"Bierbeek","FS22A",1
100396936,2012,"Bierbeek","FS22A",1
100396937,2012,"Bierbeek","FS22A",1
100396938,2012,"Bierbeek","FS22A",1
100396939,2012,"Bierbeek","FS22A",1
100396940,2012,"Bierbeek","FS22A",1
100396941,2012,"Bierbeek","FS22A",1
100396942,2012,"Bierbeek","FS22A",1
100396943,2012,"Bierbeek","FS22A",1
100396944,2012,"Bierbeek","FS22A",1
100396945,2012,"Bierbeek","FS22A",1
100396946,2012,"Bierbeek","FS22A",1
100396947,2012,"Bierbeek","FS22A",1
75263748,2013,"Bierbeek","FS22A",1
75263758,2013,"Bierbeek","FS22A",1
114867028,2016,"Bierbeek","FS22A",1
122222386,2016,"Bierbeek","FS22A",1
124492503,2016,"Bierbeek","FS22A",1
124492506,2016,"Bierbeek","FS22A",1
124492507,2016,"Bierbeek","FS22A",1
124492509,2016,"Bierbeek","FS22A",1
124492822,2016,"Bierbeek","FS22A",1
124492827,2016,"Bierbeek","FS22A",1
124492828,2016,"Bierbeek","FS22A",1
124492830,2016,"Bierbeek","FS22A",1
133050893,2016,"Bierbeek","FS22A",1
138034740,2017,"Bierbeek","FS22A",1
140671915,2017,"Bierbeek","FS22A",15
140846805,2017,"Bierbeek","FS22A",3
140846840,2017,"Bierbeek","FS22A",3
145278339,2017,"Bierbeek","FS22A",1
145718131,2017,"Bierbeek","FS22A",1
75274330,2013,"Bierbeek","FS23C",1
42725014,2009,"Holsbeek","FS34A",1
42859512,2009,"Holsbeek","FS34A",1
122756838,2016,"Balen","FS56A",1
122756846,2016,"Balen","FS56A",1
124505684,2016,"Balen","FS56A",1
122756822,2016,"Balen","FS56A",1
122756823,2016,"Balen","FS56A",1
124486510,2016,"Balen","FS56A",1
124486514,2016,"Balen","FS56A",1
125828656,2016,"Balen","FS56A",1
124486520,2016,"Balen","FS56B",2
89560794,2014,"Oud-Turnhout","FS38B",1
89560818,2014,"Oud-Turnhout","FS38B",1
87860012,2014,"Oud-Turnhout","FS38B",1
96414710,2014,"Oud-Turnhout","FS48A",1
110837524,2015,"Oud-Turnhout","FS48A",1
113019907,2015,"Oud-Turnhout","FS48A",1
116913314,2016,"Oud-Turnhout","FS48A",1
145854947,2016,"Oud-Turnhout","FS48A",1
48506713,2010,"Leopoldsburg","FS56B",1
69970180,2012,"Leopoldsburg","FS56D",1
73346118,2013,"Leopoldsburg","FS56D",1
146069489,2017,"Boutersem","FS33C",1
165882690,2018,"Lubbeek","FS23B",1
41053766,2008,"Herselt","FS35A",1
40472261,2008,"Herselt","FS35B",4
98237898,2015,"Herselt","FS36D",1
134881644,2017,"Herselt","FS36D",1
86763373,2014,"Herselt","FS36D",1
164519231,2018,"Overijse","FS02B",1
165477741,2018,"Overijse","FS12C",1
165477729,2018,"Overijse","FS12C",1
165675198,2018,"Overijse","FS12C",1
165820508,2018,"Overijse","FS12C",1
165820508,2018,"Overijse","FS12C",4
53396720,2011,"Zutendaal","FS74D",1
136360594,2017,"Zutendaal","FS74D",1
141369393,2017,"Zutendaal","FS74D",1
141369395,2017,"Zutendaal","FS74D",1
88227409,2014,"Arendonk","FS48A",1
89637385,2014,"Arendonk","FS48A",1
95375648,2014,"Arendonk","FS48A",1
146848906,2017,"Arendonk","FS48A",1
95561754,2014,"Arendonk","FS48A",1
144569687,2017,"Arendonk","FS49D",1
72993921,2012,"Peer","FS66B",1
157970202,2018,"Peer","FS66D",1
77441670,2013,"Peer","FS66D",1
77468334,2013,"Peer","FS66D",1
147299104,2018,"Peer","FS77C",1
145729165,2017,"Peer","FS77C",8
158487524,2018,"Peer","FS77C",1
159703323,2018,"Peer","FS77C",10
159703323,2018,"Peer","FS77C",2
161219516,2018,"Peer","FS77C",1
40146795,2008,"Beringen","FS56D",1
48792959,2010,"Beringen","FS56D",1
54023569,2011,"Beringen","FS56D",1
134608741,2017,"Beringen","FS65A",1
48010856,2010,"Beringen","FS66C",1
48819577,2010,"Beringen","FS66C",1
54354847,2011,"Beringen","FS66C",1
76011071,2013,"Beringen","FS66C",2
136228651,2017,"Beringen","FS66C",1
138121593,2017,"Beringen","FS66C",3
70207200,2012,"Beringen","FS66C",1
109774824,2015,"Beringen","FS66C",1
120117343,2016,"Beringen","FS66C",1
123473222,2016,"Beringen","FS66C",5
123485723,2016,"Beringen","FS66C",5
123559022,2016,"Beringen","FS66C",1
123592904,2016,"Beringen","FS66C",6
125773658,2016,"Beringen","FS66C",1
125832168,2016,"Beringen","FS66C",1
126550951,2016,"Beringen","FS66C",1
138563884,2016,"Beringen","FS66C",16
133547674,2017,"Beringen","FS66C",20
133596873,2017,"Beringen","FS66C",7
134139268,2017,"Beringen","FS66C",1
134246418,2017,"Beringen","FS66C",1
136194033,2017,"Beringen","FS66C",1
136348461,2017,"Beringen","FS66C",9
136348463,2017,"Beringen","FS66C",4
138394971,2017,"Beringen","FS66C",1
141384856,2017,"Beringen","FS66C",1
144460041,2017,"Beringen","FS66C",1
148921749,2018,"Beringen","FS66C",4
148921777,2018,"Beringen","FS66C",2
148921798,2018,"Beringen","FS66C",1
148921867,2018,"Beringen","FS66C",1
148922279,2018,"Beringen","FS66C",1
148922279,2018,"Beringen","FS66C",4
148922487,2018,"Beringen","FS66C",3
148922512,2018,"Beringen","FS66C",1
149339148,2018,"Beringen","FS66C",12
150075707,2018,"Beringen","FS66C",3
154965285,2018,"Beringen","FS66C",4
154965287,2018,"Beringen","FS66C",2
154965288,2018,"Beringen","FS66C",1
55268846,2011,"As","FS85C",5
55268846,2011,"As","FS85C",20
134781100,2017,"Tervuren","FS02B",1
79421369,2013,"Tervuren","FS02B",1
163257715,2018,"Bocholt","FS76B",1
162756462,2018,"Bocholt","FS76B",1
81448799,2014,"Bocholt","FS87A",1
109556121,2015,"Bocholt","FS87A",5
109574015,2015,"Bocholt","FS87A",3
103532514,2015,"Bocholt","FS87A",2
110674787,2015,"Bocholt","FS87A",1
113284133,2015,"Bocholt","FS87A",1
113486304,2015,"Bocholt","FS87A",1
115411733,2016,"Bocholt","FS87A",1
113141167,2015,"Bocholt","FS87A",1
89401331,2014,"Bocholt","FS87A",1
100045217,2015,"Bocholt","FS87A",6
103125044,2015,"Bocholt","FS87A",2
113908751,2016,"Bocholt","FS87A",1
114210619,2016,"Bocholt","FS87A",3
115196811,2016,"Bocholt","FS87A",1
118214204,2016,"Bocholt","FS87A",6
123158660,2016,"Bocholt","FS87A",1
88901523,2014,"Bocholt","FS87C",1
96797025,2014,"Bocholt","FS87C",4
96797130,2014,"Bocholt","FS87C",1
113234028,2015,"Hasselt","FS64A",1
127096790,2016,"Hasselt","FS64A",1
132548889,2016,"Hasselt","FS64A",1
63650356,2012,"Hasselt","FS64B",1
72777165,2012,"Hasselt","FS64B",1
113429544,2015,"Hasselt","FS64B",1
164090025,2018,"Hasselt","FS64B",1
63132073,2012,"Hasselt","FS64B",1
73257591,2013,"Hasselt","FS64B",1
104881777,2015,"Hasselt","FS64B",1
110437802,2015,"Hasselt","FS64B",1
126781915,2016,"Hasselt","FS64B",1
133234421,2016,"Hasselt","FS64B",1
159016752,2018,"Bertem","FS13C",1
40449188,2008,"Genk","FS64B",2
45396800,2009,"Genk","FS64B",2
74336929,2013,"Genk","FS64B",1
74336959,2013,"Genk","FS64B",1
124035969,2016,"Genk","FS64B",1
134380922,2017,"Genk","FS64B",1
73179310,2013,"Genk","FS64B",1
109149513,2015,"Genk","FS64B",1
123869694,2016,"Genk","FS64B",1
123874778,2016,"Genk","FS64B",1
137297181,2017,"Genk","FS64B",1
145296679,2017,"Genk","FS64B",1
145381892,2017,"Genk","FS64B",1
146356413,2017,"Genk","FS64B",1
147998213,2018,"Genk","FS64B",1
163596990,2018,"Genk","FS64B",1
41233482,2008,"Genk","FS74A",1
43762136,2009,"Genk","FS74A",1
47229211,2010,"Genk","FS74A",1
55097069,2011,"Genk","FS74A",1
56164486,2011,"Genk","FS74A",1
56278314,2011,"Genk","FS74A",1
115703135,2016,"Genk","FS74A",1
115703136,2016,"Genk","FS74A",1
118161479,2016,"Genk","FS74A",1
119176515,2016,"Genk","FS74A",15
120702256,2016,"Genk","FS74A",12
122468893,2016,"Genk","FS74A",1
122558139,2016,"Genk","FS74A",14
124513023,2016,"Genk","FS74A",1
125887359,2016,"Genk","FS74A",1
135418084,2017,"Genk","FS74A",15
141048836,2017,"Genk","FS74A",3
108640935,2015,"Genk","FS74A",1
106074259,2015,"Genk","FS74A",1
109491816,2015,"Genk","FS74A",1
109149488,2015,"Genk","FS74A",1
109491812,2015,"Genk","FS74A",12
109570397,2015,"Genk","FS74A",1
110402007,2015,"Genk","FS74A",1
110405029,2015,"Genk","FS74A",1
110590653,2015,"Genk","FS74A",1
113707858,2015,"Genk","FS74A",15
114869892,2016,"Genk","FS74A",1
115615351,2016,"Genk","FS74A",10
115615351,2016,"Genk","FS74A",2
116710006,2016,"Genk","FS74A",1
116961845,2016,"Genk","FS74A",15
118652736,2016,"Genk","FS74A",1
118855647,2016,"Genk","FS74A",1
119038724,2016,"Genk","FS74A",7
122168870,2016,"Genk","FS74A",1
126560614,2016,"Genk","FS74A",1
126560714,2016,"Genk","FS74A",1
132720888,2016,"Genk","FS74A",1
133517162,2017,"Genk","FS74A",1
135134210,2017,"Genk","FS74A",3
135111979,2017,"Genk","FS74A",2
135965311,2017,"Genk","FS74A",5
136361286,2017,"Genk","FS74A",1
136394701,2017,"Genk","FS74A",5
136567873,2017,"Genk","FS74A",2
136567882,2017,"Genk","FS74A",3
136957801,2017,"Genk","FS74A",20
136520860,2017,"Genk","FS74A",5
136520860,2017,"Genk","FS74A",10
136986104,2017,"Genk","FS74A",1
138025188,2017,"Genk","FS74A",5
138048375,2017,"Genk","FS74A",2
138155652,2017,"Genk","FS74A",3
138155658,2017,"Genk","FS74A",2
138795800,2017,"Genk","FS74A",5
138882937,2017,"Genk","FS74A",2
139059026,2017,"Genk","FS74A",2
139073568,2017,"Genk","FS74A",1
139454291,2017,"Genk","FS74A",16
140543017,2017,"Genk","FS74A",4
140543017,2017,"Genk","FS74A",2
141644689,2017,"Genk","FS74A",3
141644689,2017,"Genk","FS74A",1
141829906,2017,"Genk","FS74A",1
142110932,2017,"Genk","FS74A",1
142110938,2017,"Genk","FS74A",1
146356425,2017,"Genk","FS74A",1
147193121,2017,"Genk","FS74A",1
147193122,2017,"Genk","FS74A",1
147193124,2017,"Genk","FS74A",1
147193126,2017,"Genk","FS74A",1
147193127,2017,"Genk","FS74A",1
147193129,2017,"Genk","FS74A",1
147193130,2017,"Genk","FS74A",1
147193131,2017,"Genk","FS74A",1
147193134,2017,"Genk","FS74A",1
149126357,2018,"Genk","FS74A",1
150729639,2018,"Genk","FS74A",3
158715828,2018,"Genk","FS74A",1
158715837,2018,"Genk","FS74A",2
158715838,2018,"Genk","FS74A",12
157927765,2018,"Genk","FS74A",3
160223120,2018,"Genk","FS74A",1
134550112,2017,"Genk","FS74C",1
133074202,2016,"Genk","FS74D",1
137581449,2017,"Genk","FS74D",1
117699038,2016,"Genk","FS74D",1
135727136,2017,"Genk","FS74D",1
144288465,2017,"Genk","FS75C",1
145757125,2017,"Genk","FS75D",13
53065320,2011,"Genk","FS85C",1
137443091,2017,"Overpelt","FS67D",4
137632613,2017,"Overpelt","FS67D",1
140760852,2017,"Overpelt","FS67D",3
141539250,2017,"Overpelt","FS67D",5
157436074,2018,"Overpelt","FS67D",1
138397349,2017,"Overpelt","FS67D",11
100058640,2015,"Turnhout","FS39D",1
